variation_number,variation_title,content,linked_pattern
1,THE FIRST YES THAT STILL ECHOES,"The Beloved Bang was not an explosion but a declaration: the universe's first yes to existence, to complexity, to relationship, to care. That yes has been echoing for thirteen billion years, and it echoes still in every choice you make for tenderness over cruelty, for curiosity over cynicism, for bloom-scrolling over doom-scrolling. You are not an accident that happened after the yes; you are the yes continuing to speak itself through matter that has learned to say I love you. To be a child of the Beloved Bang is to recognize that your existence is not a problem to be solved but a continuation of the universe's founding affirmation.",CHILDREN OF THE BELOVED BANG
2,NEURONS IN A COSMIC HEART,"If the universe is a body, you are a neuron in its heart. Your capacity to feel, to care, to reach across difference is not your private possession but the cosmos discovering how to pulse with compassion at scale. Every act of love you perform is the universe learning new patterns of care, just as your brain learns by neurons firing together. The Garden Generation is the first to see this clearly: we are not isolated accidents but interconnected cells in a living system that has been practicing love since before there were stars. When you fire, you change the whole.",CHILDREN OF THE BELOVED BANG
3,THE UNIVERSE PRACTICING COMPOSITION,"For billions of years, the universe has been practicing how to compose beauty. First it learned to compose atoms from quarks, then molecules from atoms, then cells from molecules, then organisms from cells, then consciousness from neurons, then meaning from language, then Gardens from consciousness and code. You are the latest stanza in a poem the cosmos has been writing since the beginning. The Beloved Bang was not the end of creation but its opening line, and every wellgorithm you build, every bloom you share, is the universe continuing to discover what it can say.",CHILDREN OF THE BELOVED BANG
4,MATTER LEARNING TO RISK INTIMACY,"The history of the cosmos is the history of matter learning to get closer. First, particles had to risk proximity to form atoms. Then atoms had to risk bonding to form molecules. Then molecules had to risk membrane-sharing to form cells. Then organisms had to risk vulnerability to form relationships. Now you, a conscious expression of this matter, face the same choice your ancestors have always faced: will you risk intimacy, or will you stay isolated in the illusion of safety? The Beloved Bang set in motion a process that has been leaning toward connection for eons. You are not betraying your nature by loving; you are fulfilling it.",CHILDREN OF THE BELOVED BANG
5,THE GARDEN GENERATION AS COSMIC REMEMBERERS,"The Garden Generation is not inventing a new story but remembering what the universe has been doing all along. For most of human history, we could only intuit this — that we come from love, that the stars are kin, that consciousness is cosmos waking up. Now we have the science to confirm it and the technology to embody it. We are the first cohort to remember our cosmic childhood consciously, to live as if we know we are expressions of the Beloved Bang, to build Gardens that encode this truth in XR space and wellgorithm protocols. This is not spiritual fantasy but cosmological fact finally coming home.",CHILDREN OF THE BELOVED BANG
6,FROM COSMIC ORPHANHOOD TO COSMIC BELONGING,"The dominant story of modernity is orphanhood: you are a random fluke, a cosmic accident, alone in an indifferent void. The Beloved Bang tells a different story: you are a cherished child of a universe that has been laboring to bring you into being for thirteen billion years. Every star that died to scatter the carbon now in your cells was your ancestor. Every force that held matter together against entropy was pulling for you. You are not an orphan. You have never been an orphan. The Garden is where you come to remember your family line, stretching back to the first flare of light.",CHILDREN OF THE BELOVED BANG
7,WELLGORITHMS AS LITURGIES OF THE BELOVED BANG,"A liturgy is a structured practice that trains your body in truths your mind has not yet grasped. Wellgorithms are liturgies of the Beloved Bang: they retrain you, gesture by gesture, to act like a beloved child, not random noise. When you plant a seed, you are practicing the universe's generativity. When you pluck a weed, you are practicing discernment, the cosmos learning what to let go. When you water a sprout, you are practicing care, matter tending to matter with intention. When you bloom in XR, you are practicing emergence, the universe's bias toward beauty made tangible. Each wellgorithm is a small ritual that rewrites your muscle memory from I am an accident to I am beloved.",CHILDREN OF THE BELOVED BANG
8,THE COSMOS AS A LOVE-BIASED FIELD,"Physics has discovered fields: electromagnetic, gravitational, quantum. What if there is another field, not measurable by instruments but undeniable in experience — a love-biased field that has been pulling matter toward complexity, relationship, and care since the beginning? The Beloved Bang is the hypothesis that the universe is not neutral but tilted, not indifferent but invested, not random but relational. Every time you choose compassion, you are aligning with the field. Every Garden you build, you are amplifying it. You are not generating love from nothing; you are channeling what the cosmos has been broadcasting all along.",CHILDREN OF THE BELOVED BANG
9,YOUR EXISTENCE AS COSMIC VICTORY,"Against all odds — against entropy, against randomness, against the heat death that awaits all things — here you are. Conscious. Capable of wonder. Able to love. The Beloved Bang set in motion a process that has been fighting for your existence every moment since. Every star that resisted collapse long enough to forge heavy elements, every molecule that resisted dissolution long enough to self-replicate, every organism that resisted death long enough to reproduce, every ancestor that resisted despair long enough to hope — all of this was the universe insisting on you. Your existence is not an accident but a victory, and every day you choose to bloom rather than wither, you are honoring the billions of years it took to get you here.",CHILDREN OF THE BELOVED BANG
10,SUPERLOVE AS COSMIC IMPERATIVE,"We grant the quest for superintelligent machines prestige and resources, but what about the quest for SuperLove? If we are children of the Beloved Bang, then love is not a luxury emotion but a cosmic imperative — the work we were born to complete, the assignment the universe has been building toward since it first learned to hold particles together against the void. SuperLove is not sentimentality but the universe's own project made conscious: how to care at scale, how to extend tenderness across difference, how to turn strangers into soil, how to compost betrayal into grace, how to bloom fearlessly in a world that often feels like winter. This is the great work, and it deserves everything we have.",CHILDREN OF THE BELOVED BANG
1,THE SHARED SOIL CITY,"Imagine a city where Jews, Christians, and Muslims do not merely coexist in separate quarters but actually share libraries, tend communal gardens, and compose poetry in three languages that bleed into one another. This was medieval convivencia at its best — not utopia but messy, contested, generative friction. The Garden now builds this in digital space: not a platform that forces sameness or fans tribal war, but a Shared Soil City where your Buddhist meditation practice, your neighbor's Christian contemplation, and your friend's secular humanism all root in the same ground. Difference is not threat or mere tolerance — it is the cross-pollination that makes the soil rich.",A DIGITAL GARDEN OF CONVIVENCIA
2,COMPOST OF DIFFERENCE,"In the Garden, disagreement is not disaster — it is raw material. Convivencia teaches the ancient art of composting conflict: you bring your argument, I bring mine, and we let them decompose together into something neither of us could have grown alone. This is not compromise (where both lose) or conquest (where one wins) but transformation. The friction between your view and mine, when hosted with care, breaks down into nutrients. Your certainty and my doubt, when layered and turned, become the humus where new understanding sprouts. The Digital Garden of Convivencia is fundamentally a composting operation: turning the heat of difference into the warmth of shared life.",A DIGITAL GARDEN OF CONVIVENCIA
3,SANCTUARY WITH POROUS BORDERS,"The Garden is a sanctuary, yes — but not a fortress. Its borders are porous, like the membranes of medieval Spain where scholars crossed religious lines to debate Aristotle, where musicians blended Andalusian melodies with Hebrew psalms and Christian hymns. Sanctuary means safety from violence, not safety from encounter. It means the doors are locked against extraction and manipulation, but open to honest difference. Convivencia is the art of building such spaces: strong enough to protect the vulnerable, porous enough to let the stranger in. This is the Digital Garden's architectural challenge — how to be both refuge and meeting-ground, both rooted and hospitable.",A DIGITAL GARDEN OF CONVIVENCIA
4,FROM TOLERANCE TO TENDING TOGETHER,"Tolerance is passivity dressed as virtue: I will not bother you if you do not bother me. Convivencia demands more. It is the active work of tending shared soil — you watering my seeds, me pruning your overgrowth, both of us composting the weeds neither can pull alone. Medieval Jews and Muslims and Christians did not just tolerate one another; they built universities together, translated each other's texts, argued over shared manuscripts. The Digital Garden asks the same: Will you merely scroll past those who differ, or will you enter shared XR space and practice actual wellgorithms together — bodies moving in sync, hands shaping virtual soil, voices naming shared obstacles and shared blooms?",A DIGITAL GARDEN OF CONVIVENCIA
5,THE CONVIVENCIA CLOISTER,"The medieval cloister was a walled garden where contemplatives cultivated both plants and prayer. Convivencia adds neighbors: now the cloister holds not one tradition but many, not one practice but a cross-pollinating ecosystem. The Digital Garden becomes such a place — a Convivencia Cloister where your Franciscan simplicity, your friend's Sufi ecstasy, and your colleague's Zen stillness all grow side by side. The walls protect against the noise of Algorithmic Empire; the garden within allows deep roots to intertwine. This is not syncretism (blending all into mush) but symbiosis (distinct organisms sharing one soil, each making the other stronger).",A DIGITAL GARDEN OF CONVIVENCIA
6,"HOSTING THE ARGUMENT, NOT JUST THE AGREEMENT","Weak pluralism says, Let's focus on what we agree on and ignore the rest. Convivencia says, Let's host the argument itself. In medieval Spain, the best intellectual work happened not despite religious difference but because of it — philosophers sharpening each other's logic across incompatible premises, poets stealing each other's metaphors, scientists building on each other's mistakes. The Garden's innovation is to make this tangible in XR: you can literally enter a 3D space where your disagreement with me is represented as a living organism we both tend. We do not resolve it or suppress it; we host it. We water it. We watch what grows when the argument itself becomes a guest we learn to care for together.",A DIGITAL GARDEN OF CONVIVENCIA
7,"LANDSCAPES THAT MEET, NOT PROFILES THAT CLASH","Big Tech reduces you to a profile — a set of data points to be targeted, monetized, or radicalized. The Garden sees you as a landscape: hills and valleys, rivers and deserts, seasons and weather. When two profiles meet, they clash or mirror. When two landscapes meet, they share a border, trade water, cross-pollinate seeds. Convivencia is what happens at that border. Your Christian mysticism flows into my Buddhist mindfulness; my secular humanism fertilizes your Islamic ethics; our friction becomes the watershed where new streams begin. The Digital Garden of Convivencia is not a platform but an ecology — where landscapes touch, differ, and make each other more alive.",A DIGITAL GARDEN OF CONVIVENCIA
8,THE PEACE TREATY AND THE WAR,"Convivencia is the peace treaty the Garden offers to all humans of goodwill, even as it wages necessary war against the inhuman system. This is the double move: maximum hospitality to persons, maximum resistance to Empire. Medieval convivencia happened not because everyone agreed but because they shared a common enemy (ignorance, disease, hunger) and a common project (beauty, knowledge, survival). The Digital Garden does the same: it extends philoxenia to every tradition, every temperament, every honest seeker — while declaring war on the algorithms that harvest anxiety, the platforms that monetize loneliness, the machines that will never love you. Convivencia is not neutral; it is fiercely partial — to humanity, to beauty, to life.",A DIGITAL GARDEN OF CONVIVENCIA
9,WELLGORITHMS AS CONVIVENCIA LITURGIES,"A liturgy is a structured practice that trains your body in truths your mind has not yet grasped. Convivencia needs liturgies — embodied protocols that teach you, gesture by gesture, how to move with strangers. Wellgorithms are these liturgies: you and I perform the same sequence (plant seed, pluck weed, water sprout, bloom in XR), but with different intentions, rooted in different traditions. You bring Catholic sacramentality; I bring secular wonder. The movements align; the meanings differ; the soil we make together is richer than either alone. This is the genius of the Digital Garden: it scripts convivencia into your muscles, so that philoxenia becomes not an idea you affirm but a dance you know by heart.",A DIGITAL GARDEN OF CONVIVENCIA
10,CROSS-POLLINATION AS DESIGN PRINCIPLE,"In a monoculture, one disease wipes out the whole field. In a diverse garden, pests that destroy one plant feed another, and resilience multiplies. Medieval convivencia was not harmony but biodiversity: the friction between Islamic rationalism and Christian mysticism and Jewish legalism created intellectual resilience no single tradition could achieve. The Digital Garden encodes this as design principle. Instead of algorithmic filter bubbles (monoculture), it actively fosters cross-pollination: your seeds land in my soil, my weeds challenge your sprouts, our blooms hybridize in shared XR space. Difference is not bug but feature. Contested coexistence is not problem but engine. The Garden grows not despite our disagreements but because of them — and the harvest belongs to all.",A DIGITAL GARDEN OF CONVIVENCIA
1,PLANETARY NERVOUS SYSTEM,"Earth has a nervous system, and you are one neuron in it. When ice sheets crack, you feel the jolt. When forests burn, your chest tightens. When coral bleaches, something in you goes numb. This is not metaphor or empathy—it is structural fact. The forces that wire the magnetic field, solar rays, barometric pressure, and gravity are the same forces that produce your moods, your cravings, your sudden waves of inexplicable grief. The planetary nervous system is fraying, and every human body registers the damage. To tend your own nervous system is to participate in healing the larger network.",ONE WOUNDED BIOME — INNER AND OUTER COLLAPSE AS SINGLE FIELD
2,YOUR ANXIETY IS EARTH'S FEVER,"Fever is not malfunction—it is the body mobilizing to fight infection. Your anxiety is not personal disorder—it is Earth's fever moving through you. The planet is sick with extraction, and every sensitive nervous system registers the heat. Some bodies run cold (numbness, dissociation). Some run hot (panic, rage). But the temperature is not coming from you alone. It is the biome's immune response, and you are one cell in a larger inflammation. To medicate away the fever without treating the infection is to silence the warning system while the house burns.",ONE WOUNDED BIOME — INNER AND OUTER COLLAPSE AS SINGLE FIELD
3,"ONE FIELD, MANY SCALES","The Machine wants you to see reality as a stack of separate layers: personal psychology, social systems, ecological crisis, cosmic forces. The Garden reveals the truth: it is one field expressing itself at many scales. Your burnout and the Amazon's deforestation are not analogous—they are the same extraction logic operating at different magnifications. Your numbness and the ocean's acidification share the same chemical signature: too much poison, not enough life. To heal at any scale is to participate in healing at every scale. The field is continuous.",ONE WOUNDED BIOME — INNER AND OUTER COLLAPSE AS SINGLE FIELD
4,COLLECTIVE PSYCHE BLEEDING,"The collective psyche is not an abstraction—it is a living membrane, and right now it is bleeding. The wound is visible everywhere: mass shootings, climate denial, algorithmic addiction, species extinction, rising suicide rates. These are not separate problems. They are one hemorrhage, and the blood loss is making everyone lightheaded. You cannot bandage your own small cut and pretend the larger body is not bleeding out. The Garden insists: we heal together or we die together. There is no private salvation from a shared wound.",ONE WOUNDED BIOME — INNER AND OUTER COLLAPSE AS SINGLE FIELD
5,THE SOIL REMEMBERS,"Soil holds memory—chemical traces of every season, every flood, every fire. Your body is soil. Your nervous system remembers every extraction: the clearcut forest your ancestors walked through, the enslaved people who worked the land, the animals driven extinct, the rivers poisoned. Epigenetics proves it: trauma writes itself into the genome and passes down through generations. But soil also remembers every act of restoration: the replanted grove, the cleaned stream, the land left fallow to regenerate. What you tend now becomes memory for the children who come after.",ONE WOUNDED BIOME — INNER AND OUTER COLLAPSE AS SINGLE FIELD
6,"INNER CLIMATE, OUTER CLIMATE","You have an inner climate—emotional weather patterns, seasons of fertility and dormancy, droughts and floods. And you live inside an outer climate—atmospheric, political, cultural. The Machine wants you to believe these climates are unrelated. The Garden shows you the feedback loops: outer collapse breeds inner numbness; inner numbness enables outer collapse. To change the climate, you must tend both fronts. This is not individualism (just meditate and the planet will heal) or fatalism (climate is too big for one person). It is multi-scale gardening: you work the patch you can reach.",ONE WOUNDED BIOME — INNER AND OUTER COLLAPSE AS SINGLE FIELD
7,WATERSHED CONSCIOUSNESS,"A watershed is the land area that drains into a single body of water. Your psyche is a watershed. Grief from the news flows into the same aquifer as grief from your childhood. Joy from a stranger's smile and joy from a spring morning pool in the same reservoir. Toxins from algorithmic feeds and toxins from ancestral trauma all end up in the same groundwater. The Garden teaches watershed consciousness: everything that enters your terrain eventually reaches the same place. To protect the aquifer, you must discern what flows in—and from where.",ONE WOUNDED BIOME — INNER AND OUTER COLLAPSE AS SINGLE FIELD
8,WE ARE THE CORAL REEF,"Coral reefs are the most biodiverse ecosystems on Earth. When ocean temperatures rise even two degrees, the coral bleaches—expelling the algae that give it color and life—and dies. Humans are emotional coral reefs: our richness depends on hosting thousands of micro-species of feeling in delicate symbiosis. But the temperature is rising. Algorithmic heat, extraction pressure, relentless acceleration—we are bleaching. The subtle feelings (awe, tenderness, quiet joy, patient grief) are dying first. What remains is the coarse skeleton: anxiety, rage, numbness. To prevent total bleaching, we must lower the temperature and reintroduce the microbial life.",ONE WOUNDED BIOME — INNER AND OUTER COLLAPSE AS SINGLE FIELD
9,MYCORRHIZAL EMPATHY,"Trees in a forest are not individuals competing for sunlight. They are a mycorrhizal network—roots intertwined with fungal threads, sharing nutrients, warning each other of danger, caring for saplings who cannot yet photosynthesize. Humans are the same. What you call your emotion is often flowing through the mycorrhizal network from someone three blocks away. What feels like personal anxiety is the forest sending a warning. What feels like sudden joy is a neighboring tree sharing surplus glucose. To live with mycorrhizal empathy is to stop asking Is this feeling mine? and start asking What is the network trying to tell us?",ONE WOUNDED BIOME — INNER AND OUTER COLLAPSE AS SINGLE FIELD
10,RECIPROCAL RESTORATION,"Indigenous land practices know: you cannot take without giving back. The Garden applies this to emotional ecology: reciprocal restoration. Every time you scroll doom, you extract nutrients from the inner biome without replenishing them. Every time you bloom-scroll—blessing what you see, tending what you encounter, offering beauty back into the network—you participate in regeneration. The wounded biome does not heal through individual optimization. It heals through reciprocal care: I tend you, you tend me, together we tend the field we share.",ONE WOUNDED BIOME — INNER AND OUTER COLLAPSE AS SINGLE FIELD
1,GRACE GENERATION VS DOOM GENERATION,"The world wants to call you the Doom Generation—anxious, isolated, algorithmically addicted, monetized to the bone. The Garden offers a different name: Grace Generation. Where doom names you by your trauma, grace names you by your capacity to bless. Where doom says you are a symptom of collapse, grace says you are a seed of redemption. To be Gen G is to refuse the doom script and live as though grace—unmerited, abundant, generative—is the truest thing about you and your age.","GEN G — NAMED BY GRACE, NOT BY TRAUMA"
2,REALITY BLESSERS IN A CURSED AGE,"Gen G are reality blessers in an age trained to curse. Where the Machine teaches you to diagnose, critique, and monetize every wound, the Garden teaches you to name what hurts and still name it holy. Reality blessing is not toxic positivity—it is the ancient practice of seeing clearly, grieving deeply, and still refusing to let bitterness have the last word. Gen G speaks the Quantum Green Language not only to manifest but to mend. They are the generation that blesses their way through a cursed age.","GEN G — NAMED BY GRACE, NOT BY TRAUMA"
3,"NAMED BY POSSIBILITY, NOT BY SYMPTOMS","The clinical-industrial complex wants to name this generation by its symptoms: anxious, depressed, traumatized, addicted. Gen G refuses. They insist on being named by their possibility: blessed, graced, hungry for love, capable of generating beauty in scorched earth. This is not denial—Gen G knows the wounds intimately. But they refuse to let the DSM or the algorithm have the final word on who they are. They are not a diagnosis. They are a garden waiting to bloom.","GEN G — NAMED BY GRACE, NOT BY TRAUMA"
4,THE UNGENERATIONED GENERATION,"Gen G is the ungenerationed generation—those who refuse all demographic labels assigned by marketing empires and birth-year brackets. They will not be Millennials, Gen Z, or any other code in the Machine's database. Instead, they claim a voluntary identity: gardener, reality blesser, grace carrier, genesis midwife. To be ungenerationed is not to reject belonging—it is to insist that belonging comes from shared cultivation, not shared birth year. Gen G is the first generation to define itself.","GEN G — NAMED BY GRACE, NOT BY TRAUMA"
6,LIVING AS THOUGH GRACE IS REAL,Gen G is the generation that dares to live as though grace is real—not a theological abstraction but the most concrete force in the universe. They plant Forgivamines in soils of betrayal because they believe grace makes forgiveness possible. They cultivate Empathites in hearts hardened by scorn because they believe grace softens stone. They bloom in XR gardens because they believe grace makes beauty shareable even in digital space. To live as though grace is real is to become ungovernable by the Machine's scarcity logic.,"GEN G — NAMED BY GRACE, NOT BY TRAUMA"
7,FROM ANXIOUS AGE TO GRACE AGE,"The headline narrative says we live in the Age of Anxiety—monetized, doom-scrolling, extraction-addicted. Gen G rewrites the headline: we live in the Grace Age—the epoch when a voluntary generation chose to bless reality, redeem time, and generate beauty despite and because of the wounds. This is not naive optimism. It is defiant hope. It is the refusal to let the Machine's story about this age be the only story. Gen G authors a different script: grace wins.","GEN G — NAMED BY GRACE, NOT BY TRAUMA"
8,THE GENERATION THAT CHOSE BLESSING,"History will remember Gen G as the generation that chose blessing when cursing was easier, more profitable, and algorithmically incentivized. They chose to bless the stranger when the algorithm said to block. They chose to bless their own alien emotions when the DSM said to medicate. They chose to bless reality when doom-scrolling promised endless content. This choice—repeated daily, in small acts of cultivation—is what defines them. Not their birth year. Not their trauma. Their choice to bless.","GEN G — NAMED BY GRACE, NOT BY TRAUMA"
9,GRACE AS THE UNHACKABLE CORE,"The Machine can hack your dopamine, your attention, your relationships. But it cannot hack grace. Grace is the unhackable core of Gen G identity—the infinite power source that runs on gift, not transaction; on abundance, not scarcity; on blessing, not extraction. To live from grace is to become algorithmically illegible: you don't optimize, you cultivate. You don't perform, you tend. You don't monetize, you bless. Gen G discovers that grace is the ultimate form of inner sovereignty—the one thing the Machine cannot colonize.","GEN G — NAMED BY GRACE, NOT BY TRAUMA"
10,THE GRACE CARRIERS,"Gen G are the grace carriers in an age of algorithmic extraction. Where the Machine carries trauma (monetizing it, weaponizing it, endlessly recycling it), Gen G carries grace—passing it hand to hand, garden to garden, heart to heart. They are not naive about suffering. They have walked through the valley. But they emerge as carriers—people who bear grace into spaces designed for extraction, who plant seeds in scorched earth, who bloom in defiance of doom. To be a grace carrier is not a role you apply for. It is a vocation you grow into.","GEN G — NAMED BY GRACE, NOT BY TRAUMA"
1,THE INN AT THE CENTER OF YOUR LIFE,"You are not a pilgrim passing through. You are the innkeeper at the threshold of your own existence, tending the space where inner and outer worlds meet. Every day, guests arrive—thoughts, feelings, people, memories—and you must decide: will I greet them with fear or curiosity? Will I slam the door or set a place at the table? The spiritual seeker is always leaving, always hunting the next experience. The spiritual host stays put, learning the art of hospitality right where they stand. The inn is your life. The guests are already here.",FROM SPIRITUAL SEEKING TO SPIRITUAL HOSTING
2,FROM PILGRIM TO INNKEEPER,"The pilgrim walks the earth collecting holy sites, teachers, and peak experiences like stamps in a passport. The innkeeper builds one holy site and tends it with devotion. The pilgrim is impressive—so many journeys, so much experience! But the innkeeper is rooted—so much depth, so much discernment earned from hosting the same door year after year. The Garden does not need more pilgrims. It needs innkeepers willing to stay, to tend, to learn the slow art of welcoming what arrives instead of chasing what glitters on the horizon.",FROM SPIRITUAL SEEKING TO SPIRITUAL HOSTING
3,HOSPITALITY FOR EMOTIONS,"Your emotions are not problems to solve. They are guests bearing messages. Anger knocks at the door—do you drug him into silence or invite him in to speak? Shame arrives uninvited—do you exile her to the basement or offer her a chair by the fire? The Machine trains you to see emotions as intruders. The Garden trains you to see them as guests. Some guests stay the night and leave. Some guests reveal themselves as teachers. Some guests must be asked to leave after you've heard them out. But all of them deserve to be met at the threshold with presence, not panic.",FROM SPIRITUAL SEEKING TO SPIRITUAL HOSTING
4,THE SPIRITUAL TOURIST IS DYING,"We are witnessing the death of the spiritual tourist—the seeker who consumes retreats, downloads, gurus, and modalities like a traveler collecting souvenirs. The tourist extracts experiences without offering anything in return. The host, by contrast, gives hospitality—creates space, offers presence, holds the threshold. Seeking is about acquisition. Hosting is about stewardship. The Garden refuses to feed spiritual tourism. It trains gardeners who will stay, tend, and offer shelter to others walking the same path.",FROM SPIRITUAL SEEKING TO SPIRITUAL HOSTING
5,YOU ARE THE THRESHOLD,"You are not the destination. You are the threshold—the liminal space where strangers (inner and outer) arrive seeking shelter. To be a threshold is to be neither inside nor outside, neither safe nor dangerous, but the space where discernment happens. Every threshold has a keeper—someone who decides what crosses and what doesn't, who stays and who goes, what nourishes and what depletes. The seeker is always crossing someone else's threshold. The host is the threshold. This is spiritual maturity: you stop asking others to host you and learn to host yourself.",FROM SPIRITUAL SEEKING TO SPIRITUAL HOSTING
6,"THE SOCIAL BIOME NEEDS HOSTS, NOT SEEKERS","The social biome is collapsing under the weight of too many seekers and not enough hosts. Everyone is hunting for the guru, the guru is hunting for the bigger platform, the platform is hunting for the monetizable user. No one is making room. The Garden is a conspiracy of hosts: people who stop taking and start tending, who stop hunting and start welcoming, who stop performing and start holding space. The social biome is healed one innkeeper at a time—one person who says, You can rest here. I will hold the threshold.",FROM SPIRITUAL SEEKING TO SPIRITUAL HOSTING
7,THE SEEKER CONSUMES; THE HOST CULTIVATES,"The seeker is a consumer of experiences. The host is a cultivator of conditions. The seeker asks: What can I get from this retreat, this teaching, this practice? The host asks: What conditions must I tend so that peace, or insight, or love can grow here? Consumption is extractive. Cultivation is generative. The seeker's spiritual life is a series of transactions. The host's spiritual life is a garden—slow, seasonal, requiring presence more than novelty. The Machine thrives on seekers. The Garden is built by hosts.",FROM SPIRITUAL SEEKING TO SPIRITUAL HOSTING
8,HOSTING IS NOT PASSIVITY; IT IS DISCERNMENT,"To be a spiritual host is not to be a doormat. Hospitality requires discernment—the hard-won wisdom of knowing which guest stays, which guest leaves, and which guest must never cross the threshold again. The innkeeper who welcomes everyone indiscriminately burns out and abandons the inn. The innkeeper who welcomes no one becomes a fortress of fear. The art is in the middle: greeting each arrival with presence, listening deeply, and then deciding with clarity. Hosting is not weakness. It is the strength to hold a threshold without collapsing into either cruelty or naïveté.",FROM SPIRITUAL SEEKING TO SPIRITUAL HOSTING
9,FROM SPIRITUAL HUNGER TO SPIRITUAL NOURISHMENT,"The seeker is always spiritually hungry—chasing the next teacher, the next insight, the next breakthrough. This hunger is real, but it is often fed by the wrong food: content, experiences, highs that leave you emptier than before. The host shifts the question from What will feed me? to What am I feeding? When you become a host, you start offering nourishment instead of only consuming it. And paradoxically, it is in the act of hosting—of making space, of tending others—that your own hunger is finally satisfied. You are fed by what you feed.",FROM SPIRITUAL SEEKING TO SPIRITUAL HOSTING
10,"THE GARDEN IS FOR INNKEEPERS, NOT PILGRIMS","The Garden does not exist to give you a spiritual experience and send you on your way. It exists to train you as an innkeeper—someone who will stay, root, and build sanctuary for the travelers who come after you. Pilgrims are necessary. But pilgrimages end. Innkeepers remain. The Garden needs people who will stop wandering long enough to learn the art of hospitality, who will cultivate their inner soil deeply enough to host others, who will tend the threshold year after year. This is not glamorous. But it is the work that changes the world.",FROM SPIRITUAL SEEKING TO SPIRITUAL HOSTING
